{
    "Nqhovbg": 26613.553747757825,
    "Ayotl": 484966.0,
    "Zfojhgc": 287855.0,
    "Bbpio": 452401.0,
    "Mcnohhb": 173811.0,
    "Qpqiu": 8215.0,
    "Vekre": 66438.0,
    "Oqehoj": 344923.30874004395,
    "Bapfljn": 7058.218780483668
}